File,URL
0taceun.html,https://stadsarkiv.aarhus.dk/byhistorie/digitale-byvandringer-og-byrumsformidling/byens-broer/gangbroen-ved-brabrandstien/?utm_source=qr&utm_campaign=byens-broer
0zkjy.html,https://stadsarkiv.aarhus.dk/byhistorie/digitale-byvandringer-og-byrumsformidling/byens-lystbaadehavn/p-clausens-fiskehandel/?utm_source=qr&utm_campaign=byens-lystbaadehavn
3l4s2w3j.html,https://aarhuswiki.dk
3sr261g.html,https://stadsarkiv.aarhus.dk/byhistorie/digitale-byvandringer-og-byrumsformidling/byens-broer/europaplads/?utm_source=qr&utm_campaign=byens-broer
4yu37i1.html,https://stadsarkiv.aarhus.dk/byhistorie/digitale-byvandringer-og-byrumsformidling/byens-broer/fiskerbroen/?utm_source=qr&utm_campaign=byens-broer
5ubkc.html,https://stadsarkiv.aarhus.dk/byhistorie/digitale-byvandringer-og-byrumsformidling/byens-lystbaadehavn/kapsejlads/?utm_source=qr&utm_campaign=byens-lystbaadehavn
7guvr.html,https://stadsarkiv.aarhus.dk/byhistorie/digitale-byvandringer-og-byrumsformidling/byens-lystbaadehavn/lystsejlads/?utm_source=qr&utm_campaign=byens-lystbaadehavn
cewq8sx.html,https://stadsarkiv.aarhus.dk/byhistorie/digitale-byvandringer-og-byrumsformidling/byens-broer/christians-bro/?utm_source=qr&utm_campaign=byens-broer
ekc1j.html,https://stadsarkiv.aarhus.dk/byhistorie/digitale-byvandringer-og-byrumsformidling/byens-lystbaadehavn/kranen/?utm_source=qr&utm_campaign=byens-lystbaadehavn
gmp57.html,https://stadsarkiv.aarhus.dk/byhistorie/digitale-byvandringer-og-byrumsformidling/byens-lystbaadehavn/vestre-daekmole/?utm_source=qr&utm_campaign=byens-lystbaadehavn
hwp0g.html,https://stadsarkiv.aarhus.dk/byhistorie/digitale-byvandringer-og-byrumsformidling/byens-lystbaadehavn/kystpromenaden/?utm_source=qr&utm_campaign=byens-lystbaadehavn
j5y1gnt.html,https://stadsarkiv.aarhus.dk/byhistorie/digitale-byvandringer-og-byrumsformidling/byens-broer/smedens-bro/?utm_source=qr&utm_campaign=byens-broer
j6k7faa2.html,https://aarhuswiki.dk
k1o0rod.html,https://stadsarkiv.aarhus.dk/byhistorie/digitale-byvandringer-og-byrumsformidling/byens-broer/museumsbroen/?utm_source=qr&utm_campaign=byens-broer
kllgk.html,https://stadsarkiv.aarhus.dk/byhistorie/digitale-byvandringer-og-byrumsformidling/byens-lystbaadehavn/oestre-daekmole/?utm_source=qr&utm_campaign=byens-lystbaadehavn
lr6gy4f.html,https://aarhuswiki.dk/wiki/%C3%85rhus_Markjorder
m3p6y.html,https://stadsarkiv.aarhus.dk/byhistorie/digitale-byvandringer-og-byrumsformidling/byens-lystbaadehavn/traeskibshavnen/?utm_source=qr&utm_campaign=byens-lystbaadehavn
ndvgn.html,https://stadsarkiv.aarhus.dk/byhistorie/digitale-byvandringer-og-byrumsformidling/byens-lystbaadehavn/slaebestedet/?utm_source=qr&utm_campaign=byens-lystbaadehavn
nny7kws.html,https://stadsarkiv.aarhus.dk/byhistorie/digitale-byvandringer-og-byrumsformidling/byens-broer/skt-clemens-bro/?utm_source=qr&utm_campaign=byens-broer
ogfxsqy.html,https://stadsarkiv.aarhus.dk/byhistorie/digitale-byvandringer-og-byrumsformidling/byens-broer/frederiksbroen/?utm_source=qr&utm_campaign=byens-broer
olom8.html,https://stadsarkiv.aarhus.dk/byhistorie/digitale-byvandringer-og-byrumsformidling/byens-lystbaadehavn/auktionskajen/?utm_source=qr&utm_campaign=byens-lystbaadehavn
q31utzb.html,https://stadsarkiv.aarhus.dk/byhistorie/digitale-byvandringer-og-byrumsformidling/byens-broer/vester-alle/?utm_source=qr&utm_campaign=byens-broer
r8sfx.html,https://stadsarkiv.aarhus.dk/byhistorie/digitale-byvandringer-og-byrumsformidling/byens-lystbaadehavn/aarhus-roklub/?utm_source=qr&utm_campaign=byens-lystbaadehavn
ryuq7cj.html,https://stadsarkiv.aarhus.dk/byhistorie/digitale-byvandringer-og-byrumsformidling/byens-broer/mindebroen/?utm_source=qr&utm_campaign=byens-broer
uw058ty.html,https://stadsarkiv.aarhus.dk/byhistorie/digitale-byvandringer-og-byrumsformidling/byens-broer/letbanebroen/?utm_source=qr&utm_campaign=byens-broer
w1q0y.html,https://stadsarkiv.aarhus.dk/byhistorie/digitale-byvandringer-og-byrumsformidling/byens-lystbaadehavn/soesporten/?utm_source=qr&utm_campaign=byens-lystbaadehavn
z4eq3.html,https://stadsarkiv.aarhus.dk/byhistorie/digitale-byvandringer-og-byrumsformidling/byens-lystbaadehavn/beddinghuset/?utm_source=qr&utm_campaign=byens-lystbaadehavn
z3ixlvx.html,https://stadsarkiv.aarhus.dk/byhistorie/digitale-byvandringer-og-byrumsformidling/kunstruten-havnefronten/sea-pink
5w3dnom.html,https://stadsarkiv.aarhus.dk
5yrrbys.html,https://stadsarkiv.aarhus.dk/byhistorie/digitale-byvandringer-og-byrumsformidling/kunstruten-havnefronten/peter-sabroe
mcue6q0.html,https://stadsarkiv.aarhus.dk/byhistorie/digitale-byvandringer-og-byrumsformidling/kunstruten-havnefronten/aalefangeren
4qruxw9.html,https://stadsarkiv.aarhus.dk/byhistorie/digitale-byvandringer-og-byrumsformidling/kunstruten-havnefronten/endless-connections
t6x7ngd.html,https://stadsarkiv.aarhus.dk/byhistorie/digitale-byvandringer-og-byrumsformidling/kunstruten-havnefronten/sirene
252v1mi.html,https://stadsarkiv.aarhus.dk/byhistorie/digitale-byvandringer-og-byrumsformidling/kunstruten-havnefronten/poseidon-havets-gud
9ujz61y.html,https://stadsarkiv.aarhus.dk/byhistorie/digitale-byvandringer-og-byrumsformidling/kunstruten-havnefronten/soemanden-de-omkomne
irh9brx.html,https://stadsarkiv.aarhus.dk/byhistorie/digitale-byvandringer-og-byrumsformidling/kunstruten-havnefronten/magic-mushrooms
fv48yjx.html,https://stadsarkiv.aarhus.dk/byhistorie/digitale-byvandringer-og-byrumsformidling/kunstruten-havnefronten/the-same-for-everyone
9fzu4g9.html,https://stadsarkiv.aarhus.dk/byhistorie/digitale-byvandringer-og-byrumsformidling/kunstruten-havnefronten/historiske-spor
6socgb9.html,https://stadsarkiv.aarhus.dk
1btee1u.html,https://stadsarkiv.aarhus.dk/byhistorie/digitale-byvandringer-og-byrumsformidling/kunstruten-havnefronten/the-garden-in-the-machine
bdt3b6u.html,https://stadsarkiv.aarhus.dk/byhistorie/digitale-byvandringer-og-byrumsformidling/kunstruten-havnefronten/uden-titel-no-title
464ahit.html,https://stadsarkiv.aarhus.dk/byhistorie/digitale-byvandringer-og-byrumsformidling/kunstruten-havnefronten/enrico-mylius-dalgas
wsjfk1t.html,https://stadsarkiv.aarhus.dk/byhistorie/digitale-byvandringer-og-byrumsformidling/kunstruten-havnefronten/ekko-monument
96nwhdu.html,https://stadsarkiv.aarhus.dk/byhistorie/digitale-byvandringer-og-byrumsformidling/kunstruten-havnefronten/la-sirene
to70i97.html,https://stadsarkiv.aarhus.dk